scope,scenario,metric,n,mean,median,p95,maximum,minimum
pooled,baseline,system_cpu_pct,900,9.310717623187722,7.8125,17.1153846153846,86.9230769230769,3.515625
pooled,baseline,collector_cpu_pct,900,0.013671551857681225,0.0,0.194617520833106,1.37095722107078,0.0
pooled,baseline,interval_s,900,1.0000236361111112,1.00029585000002,1.01091550000001,1.0194018,0.980372000000003
pooled,allow,cpu_pct,900,0.0023870911123183057,0.0,0.0,0.19714806679066,0.0
pooled,allow,private_mib,900,1.9550390625,1.95703125,2.01953125,2.04296875,1.90625
pooled,allow,working_set_mib,900,12.56752170138889,12.5625,12.71484375,12.75390625,12.4921875
pooled,allow,threads,900,5.985555555555556,5.0,8.0,8.0,5.0
pooled,allow,handles,900,174.67111111111112,174.0,176.0,176.0,174.0
pooled,allow,io_read_bytes_s,900,0.0,0.0,0.0,0.0,0.0
pooled,allow,io_write_bytes_s,900,0.0,0.0,0.0,0.0,0.0
pooled,allow,system_cpu_pct,900,9.140272307001851,7.715201465201465,18.359375,46.09375,3.515625
pooled,allow,collector_cpu_pct,900,0.049477888509870324,0.0,0.195845552424593,0.393158948740528,0.0
pooled,allow,interval_s,900,1.000025832888889,0.9999746000000015,1.01361110000001,1.0248538,0.9665964
pooled,block,cpu_pct,900,0.004991235622742559,0.0,0.0,0.197048179181501,0.0
pooled,block,private_mib,900,3.251236979166667,3.24609375,3.3359375,3.359375,3.19140625
pooled,block,working_set_mib,900,13.946493055555555,14.046875,14.265625,14.27734375,13.0234375
pooled,block,threads,900,10.333333333333334,10.0,13.0,13.0,9.0
pooled,block,handles,900,193.48888888888888,194.0,194.0,194.0,192.0
pooled,block,io_read_bytes_s,900,0.0,0.0,0.0,0.0,0.0
pooled,block,io_write_bytes_s,900,0.0,0.0,0.0,0.0,0.0
pooled,block,system_cpu_pct,900,9.026946098286222,7.421875,18.0555555555556,45.7692307692308,2.57936507936508
pooled,block,collector_cpu_pct,900,0.040146895226407533,0.0,0.195518694014706,0.389974016374465,0.0
pooled,block,interval_s,900,1.0000167937777777,1.00011315,1.01275580000001,1.0183159,0.979117800000012
1,baseline,system_cpu_pct,300,9.4270893620663,8.169022817460315,17.6923076923077,40.2777777777778,3.76984126984127
1,baseline,collector_cpu_pct,300,0.020181581221190112,0.0,0.195230678822508,1.37095722107078,0.0
1,baseline,interval_s,300,1.0000352026666668,1.0002395000000002,1.0089906,1.0150003,0.9812941
1,allow,cpu_pct,300,0.0026040354623398957,0.0,0.0,0.196429792660654,0.0
1,allow,private_mib,300,1.943046875,1.9140625,2.0,2.0,1.9140625
1,allow,working_set_mib,300,12.527005208333334,12.4921875,12.66796875,12.66796875,12.4921875
1,allow,threads,300,5.98,5.0,8.0,8.0,5.0
1,allow,handles,300,174.66666666666666,174.0,176.0,176.0,174.0
1,allow,io_read_bytes_s,300,0.0,0.0,0.0,0.0,0.0
1,allow,io_write_bytes_s,300,0.0,0.0,0.0,0.0,0.0
1,allow,system_cpu_pct,300,9.331818218824207,7.480778769841271,19.7265625,41.2109375,3.515625
1,allow,collector_cpu_pct,300,0.042966585128608285,0.0,0.195573414492276,0.393158948740528,0.0
1,allow,interval_s,300,1.000050385,0.999954199999996,1.01377969999999,1.0248538,0.9665964
1,block,cpu_pct,300,0.003906120846718285,0.0,0.0,0.195852151016912,0.0
1,block,private_mib,300,3.2445703125,3.234375,3.3359375,3.359375,3.203125
1,block,working_set_mib,300,14.0693359375,14.046875,14.265625,14.26953125,13.92578125
1,block,threads,300,10.366666666666667,10.0,13.0,13.0,9.0
1,block,handles,300,193.48,194.0,194.0,194.0,192.0
1,block,io_read_bytes_s,300,0.0,0.0,0.0,0.0,0.0
1,block,io_write_bytes_s,300,0.0,0.0,0.0,0.0,0.0
1,block,system_cpu_pct,300,8.863378133805679,7.324481074481075,17.7734375,45.7692307692308,3.90625
1,block,collector_cpu_pct,300,0.02929590635038713,0.0,0.19531873066751,0.196246831163168,0.0
1,block,interval_s,300,1.0000330643333333,1.000224900000005,1.01188690000004,1.0183159,0.979117800000012
2,baseline,system_cpu_pct,300,9.093366993306686,7.97216021825397,15.0793650793651,41.6666666666667,4.296875
2,baseline,collector_cpu_pct,300,0.015624672579777866,0.0,0.194995787841381,0.390417844291822,0.0
2,baseline,interval_s,300,1.0000209553333335,1.00044265,1.0106092,1.0194018,0.981294300000002
2,allow,cpu_pct,300,0.0032551589579972104,0.0,0.0,0.19714806679066,0.0
2,allow,private_mib,300,1.9863020833333334,1.95703125,2.04296875,2.04296875,1.95703125
2,allow,working_set_mib,300,12.60734375,12.578125,12.75390625,12.75390625,12.578125
2,allow,threads,300,5.99,5.0,8.0,8.0,5.0
2,allow,handles,300,174.67333333333335,174.0,176.0,176.0,174.0
2,allow,io_read_bytes_s,300,0.0,0.0,0.0,0.0,0.0
2,allow,io_write_bytes_s,300,0.0,0.0,0.0,0.0,0.0
2,allow,system_cpu_pct,300,9.528057373402646,8.357699805068226,20.0392927308448,46.09375,3.96825396825397
2,allow,collector_cpu_pct,300,0.05273357511955474,0.0,0.195630438588794,0.197271146027562,0.0
2,allow,interval_s,300,1.0000151683333331,0.999932800000009,1.01079730000001,1.01451029999998,0.985216799999996
2,block,cpu_pct,300,0.008463486718889725,0.0,0.0,0.197048179181501,0.0
2,block,private_mib,300,3.2369270833333332,3.244140625,3.2890625,3.2890625,3.19140625
2,block,working_set_mib,300,13.669856770833333,14.01953125,14.0390625,14.04296875,13.0234375
2,block,threads,300,10.26,10.0,12.0,12.0,9.0
2,block,handles,300,193.49333333333334,194.0,194.0,194.0,192.0
2,block,io_read_bytes_s,300,0.0,0.0,0.0,0.0,0.0
2,block,io_write_bytes_s,300,0.0,0.0,0.0,0.0,0.0
2,block,system_cpu_pct,300,9.668837806705387,8.0078125,19.53125,41.468253968254,3.515625
2,block,collector_cpu_pct,300,0.0546871449528259,0.0,0.195682437648375,0.389974016374465,0.0
2,block,interval_s,300,1.0000064923333332,1.0000182,1.01092840000001,1.015154,0.98461309999999
3,baseline,system_cpu_pct,300,9.41169548279246,7.4609375,20.1171875,86.9230769230769,3.515625
3,baseline,collector_cpu_pct,300,0.0052082565098137265,0.0,0.0,0.196882381041712,0.0
3,baseline,interval_s,300,1.0000147503333332,1.0003615499999952,1.0121634,1.01521399999996,0.980372000000003
3,allow,cpu_pct,300,0.0013020677796996792,0.0,0.0,0.194801185847389,0.0
3,allow,private_mib,300,1.9357682291666667,1.90625,1.99609375,1.99609375,1.90625
3,allow,working_set_mib,300,12.568216145833333,12.5390625,12.71484375,12.71484375,12.5390625
3,allow,threads,300,5.986666666666666,5.0,8.0,8.0,5.0
3,allow,handles,300,174.67333333333335,174.0,176.0,176.0,174.0
3,allow,io_read_bytes_s,300,0.0,0.0,0.0,0.0,0.0
3,allow,io_write_bytes_s,300,0.0,0.0,0.0,0.0,0.0
3,allow,system_cpu_pct,300,8.56093271608931,7.421875,15.625,37.109375,3.90625
3,allow,collector_cpu_pct,300,0.052733745077837124,0.0,0.197443288222162,0.39194420580791,0.0
3,allow,interval_s,300,1.0000119453333334,1.000105950000005,1.01430719999999,1.0191368,0.978705200000036
3,block,cpu_pct,300,0.002604138477735689,0.0,0.0,0.196122840351767,0.0
3,block,private_mib,300,3.2722135416666664,3.26171875,3.3515625,3.3515625,3.23046875
3,block,working_set_mib,300,14.100286458333333,14.078125,14.27734375,14.27734375,14.0625
3,block,threads,300,10.373333333333333,10.0,13.0,13.0,9.0
3,block,handles,300,193.49333333333334,194.0,194.0,194.0,192.0
3,block,io_read_bytes_s,300,0.0,0.0,0.0,0.0,0.0
3,block,io_write_bytes_s,300,0.0,0.0,0.0,0.0,0.0
3,block,system_cpu_pct,300,8.548628772863976,7.2601142634357,15.1923076923077,39.2857142857143,2.57936507936508
3,block,collector_cpu_pct,300,0.03645793868829966,0.0,0.195363626661097,0.197120668177123,0.0
3,block,interval_s,300,1.0000108246666666,1.0001475499999999,1.0142349,1.01716189999999,0.981509700000004
