"run","scenario","sample","utc","elapsed_s","interval_s","system_cpu_pct","collector_cpu_pct","pid","process_cpu_s","cpu_pct","private_mib","working_set_mib","threads","handles","io_read_bytes_s","io_write_bytes_s"
"2","allow","1","2026-09-29T01:55:41.1597410Z","1.0138575","1.0138529","7.88461538461539","0","18792","0","0","2.04296875","12.6171875","8","176","0","0"
"2","allow","2","2026-09-29T01:55:42.1508300Z","2.0048799","0.9910224","12.1031746031746","0","18792","0.015625","0.19708182176306","2.04296875","12.6171875","8","176","0","0"
"2","allow","3","2026-09-29T01:55:43.1554007Z","3.0094434","1.0045635","9.42307692307692","0.194425240415364","18792","0","0","2.04296875","12.6171875","8","176","0","0"
"2","allow","4","2026-09-29T01:55:44.1558182Z","4.0099261","1.0004827","5.2734375","0","18792","0","0","2.04296875","12.6171875","8","176","0","0"
"2","allow","5","2026-09-29T01:55:45.1526441Z","5.0065657","0.9966396","7.8125","0","18792","0","0","2.04296875","12.6171875","8","176","0","0"
"2","allow","6","2026-09-29T01:55:46.1526010Z","6.0067248","1.0001591","11.1328125","0","18792","0","0","2.04296875","12.6171875","8","176","0","0"
"2","allow","7","2026-09-29T01:55:47.1522362Z","7.0062575","0.9995327","6.25","0","18792","0","0","2.04296875","12.6171875","8","176","0","0"
"2","allow","8","2026-09-29T01:55:48.1534674Z","8.0074707","1.0012132","10.7421875","0","18792","0","0","2.04296875","12.6171875","8","176","0","0"
"2","allow","9","2026-09-29T01:55:49.1584820Z","9.0123148","1.0048441","6.8359375","0","18792","0","0","2.04296875","12.6171875","8","176","0","0"
"2","allow","10","2026-09-29T01:55:50.1580284Z","10.0121871","0.9998723","8.59375","0","18792","0","0","2.04296875","12.6171875","8","176","0","0"
"2","allow","11","2026-09-29T01:55:51.1608738Z","11.0148499","1.0026628","7.03125","0","18792","0","0","2.04296875","12.6171875","8","176","0","0"
"2","allow","12","2026-09-29T01:55:52.1592806Z","12.0133207","0.9984708","5.078125","0","18792","0","0","2.04296875","12.6171875","8","176","0","0"
"2","allow","13","2026-09-29T01:55:53.1488296Z","13.0031043","0.989783599999999","5.95238095238095","0","18792","0","0","2.04296875","12.6171875","8","176","0","0"
"2","allow","14","2026-09-29T01:55:54.1618868Z","14.0159025","1.0127982","10","0.192844438309626","18792","0","0","2.04296875","12.6171875","8","176","0","0"
"2","allow","15","2026-09-29T01:55:55.1616906Z","15.0158512","0.999948700000001","5.2734375","0","18792","0","0","2.04296875","12.6171875","8","176","0","0"
"2","allow","16","2026-09-29T01:55:56.1601516Z","16.014194","0.9983428","8.984375","0","18792","0","0","2.04296875","12.6171875","8","176","0","0"
"2","allow","17","2026-09-29T01:55:57.1597358Z","17.0138637","0.999669699999998","6.25","0","18792","0","0","2.04296875","12.6171875","8","176","0","0"
"2","allow","18","2026-09-29T01:55:58.1621085Z","18.0163541","1.0024904","7.8125","0","18792","0","0","2.04296875","12.6171875","8","176","0","0"
"2","allow","19","2026-09-29T01:55:59.1494402Z","19.00345","0.9870959","5.55555555555556","0","18792","0","0","2.04296875","12.6171875","8","176","0","0"
"2","allow","20","2026-09-29T01:56:00.1515057Z","20.0055328","1.0020828","7.6171875","0.194906548640492","18792","0","0","2.04296875","12.6171875","8","176","0","0"
"2","allow","21","2026-09-29T01:56:01.1482045Z","21.002346","0.996813200000002","7.8125","0.195936911750366","18792","0","0","2.04296875","12.6171875","8","176","0","0"
"2","allow","22","2026-09-29T01:56:02.1499629Z","22.0038952","1.0015492","8.59375","0","18792","0","0","2.04296875","12.6171875","8","176","0","0"
"2","allow","23","2026-09-29T01:56:03.1477330Z","23.0018673","0.997972100000002","9.1796875","0.195709379049775","18792","0","0","2.04296875","12.6171875","8","176","0","0"
"2","allow","24","2026-09-29T01:56:04.1485416Z","24.0025369","1.0006696","5.2734375","0","18792","0","0","2.04296875","12.6171875","8","176","0","0"
"2","allow","25","2026-09-29T01:56:05.1535730Z","25.0075326","1.0049957","9.80769230769231","0.194341627531342","18792","0","0","2.04296875","12.6171875","8","176","0","0"
"2","allow","26","2026-09-29T01:56:06.1528844Z","26.0069271","0.999394500000001","8.984375","0","18792","0","0","2.04296875","12.6171875","8","176","0","0"
"2","allow","27","2026-09-29T01:56:07.1503358Z","27.0044125","0.997485399999999","10.3174603174603","0","18792","0","0","2.04296875","12.6171875","8","176","0","0"
"2","allow","28","2026-09-29T01:56:08.1491049Z","28.0031996","0.998787100000001","6.4453125","0.195549682209552","18792","0","0","2.015625","12.6015625","7","176","0","0"
"2","allow","29","2026-09-29T01:56:09.1529527Z","29.0069391","1.0037395","8.84615384615385","0.194584849953598","18792","0","0","2.015625","12.6015625","7","176","0","0"
"2","allow","30","2026-09-29T01:56:10.1560393Z","30.0103754","1.0034363","7.6171875","0","18792","0","0","2.015625","12.6015625","7","176","0","0"
"2","allow","31","2026-09-29T01:56:11.1550646Z","31.0091623","0.998786900000002","7.85854616895874","0","18792","0","0","2.015625","12.6015625","7","176","0","0"
"2","allow","32","2026-09-29T01:56:12.1530649Z","32.0070872","0.997924900000001","7.57281553398058","0","18792","0","0","2.015625","12.6015625","7","176","0","0"
"2","allow","33","2026-09-29T01:56:13.1578098Z","33.011947","1.0048598","7.2265625","0","18792","0","0","2.015625","12.6015625","7","176","0","0"
"2","allow","34","2026-09-29T01:56:14.1585517Z","34.0125131","1.0005661","33.3984375","0","18792","0","0","2.015625","12.6015625","7","176","0","0"
"2","allow","35","2026-09-29T01:56:15.1553451Z","35.0095376","0.997024500000002","20.7436399217221","0","18792","0","0","2.015625","12.6015625","7","176","0","0"
"2","allow","36","2026-09-29T01:56:16.1516404Z","36.00563","0.996092399999995","20.0392927308448","0.196078697116855","18792","0","0","2.015625","12.6015625","7","176","0","0"
"2","allow","37","2026-09-29T01:56:17.1477128Z","37.0018049","0.9961749","8.26771653543307","0","18792","0","0","2.015625","12.6015625","7","176","0","0"
"2","allow","38","2026-09-29T01:56:18.1615796Z","38.0157228","1.0139179","9.80769230769231","0.192631474402414","18792","0","0","2.015625","12.6015625","7","176","0","0"
"2","allow","39","2026-09-29T01:56:19.1469520Z","39.0009396","0.985216799999996","6.54761904761905","0","18792","0","0","2.015625","12.6015625","7","176","0","0"
"2","allow","40","2026-09-29T01:56:20.1492744Z","40.0032668","1.0023272","8.203125","0","18792","0","0","2.015625","12.6015625","7","176","0","0"
"2","allow","41","2026-09-29T01:56:21.1537357Z","41.0077667","1.0044999","7.69230769230769","0.194437550466655","18792","0","0","2.015625","12.6015625","7","176","0","0"
"2","allow","42","2026-09-29T01:56:22.1513816Z","42.0053592","0.997592500000003","14.0873015873016","0","18792","0","0","2.015625","12.6015625","7","176","0","0"
"2","allow","43","2026-09-29T01:56:23.1496352Z","43.0037161","0.998356899999997","9.9609375","0.195633946136898","18792","0","0","2.015625","12.6015625","7","176","0","0"
"2","allow","44","2026-09-29T01:56:24.1512260Z","44.0054399","1.0017238","8.38206627680312","0.194976399682228","18792","0","0","2.015625","12.6015625","7","176","0","0"
"2","allow","45","2026-09-29T01:56:25.1504676Z","45.0046411","0.999201200000002","15.6555772994129","0","18792","0","0","2.015625","12.6015625","7","176","0","0"
"2","allow","46","2026-09-29T01:56:26.1488678Z","46.0030159","0.998374800000001","14.6484375","0.195630438588794","18792","0","0","2.015625","12.6015625","7","176","0","0"
"2","allow","47","2026-09-29T01:56:27.1509809Z","47.0051177","1.0021018","7.03125","0.19490285318318","18792","0","0","2.015625","12.6015625","7","176","0","0"
"2","allow","48","2026-09-29T01:56:28.1530223Z","48.0070701","1.0019524","4.23076923076923","0.194931914929292","18792","0","0","2.015625","12.6015625","7","176","0","0"
"2","allow","49","2026-09-29T01:56:29.1525699Z","49.0066702","0.999600099999995","10.3515625","0","18792","0","0","2.015625","12.6015625","7","176","0","0"
"2","allow","50","2026-09-29T01:56:30.1561996Z","50.0103636","1.0036934","8.0078125","0","18792","0","0","2.015625","12.6015625","7","176","0","0"
"2","allow","51","2026-09-29T01:56:31.1516351Z","51.0055749","0.995211300000001","23.7254901960784","0.196252293357199","18792","0","0","2.015625","12.6015625","7","176","0","0"
"2","allow","52","2026-09-29T01:56:32.1494882Z","52.0035252","0.997950299999999","20.5533596837945","0","18792","0","0","2.015625","12.6015625","7","176","0","0"
"2","allow","53","2026-09-29T01:56:33.1529178Z","53.0069854","1.0034602","16.3461538461538","0.194639010097262","18792","0","0","2.015625","12.6015625","7","176","0","0"
"2","allow","54","2026-09-29T01:56:34.1578159Z","54.0119671","1.0049817","10.7421875","0","18792","0","0","2.015625","12.6015625","7","176","0","0"
"2","allow","55","2026-09-29T01:56:35.1479782Z","55.002413","0.990445899999997","3.96825396825397","0","18792","0","0","2.015625","12.6015625","7","176","0","0"
"2","allow","56","2026-09-29T01:56:36.1467319Z","56.0008954","0.9984824","10.3515625","0.195609356759819","18792","0","0","2.015625","12.6015625","7","176","0","0"
"2","allow","57","2026-09-29T01:56:37.1596526Z","57.0137987","1.0129033","4.42307692307692","0","18792","0","0","2.015625","12.6015625","7","176","0","0"
"2","allow","58","2026-09-29T01:56:38.1591387Z","58.0131661","0.999367400000004","7.6171875","0","18792","0","0","2.015625","12.6015625","7","176","0","0"
"2","allow","59","2026-09-29T01:56:39.1584502Z","59.0125607","0.999394599999995","5.46875","0","18792","0","0","2.015625","12.6015625","7","176","0","0"
"2","allow","60","2026-09-29T01:56:40.1580408Z","60.0122779","0.999717199999999","8.7890625","0","18792","0","0","2.015625","12.6015625","7","176","0","0"
"2","allow","61","2026-09-29T01:56:41.1590668Z","61.0131955","1.0009176","6.0546875","0","18792","0","0","2.015625","12.6015625","7","176","0","0"
"2","allow","62","2026-09-29T01:56:42.1568288Z","62.0107948","0.997599300000005","8.203125","0","18792","0","0","2.015625","12.6015625","7","176","0","0"
"2","allow","63","2026-09-29T01:56:43.1594430Z","63.013007","1.0022122","6.0546875","0","18792","0","0","2.015625","12.6015625","7","176","0","0"
"2","allow","64","2026-09-29T01:56:44.1533425Z","64.0075233","0.994516300000008","10.7421875","0","18792","0","0","2.015625","12.6015625","7","176","0","0"
"2","allow","65","2026-09-29T01:56:45.1547814Z","65.0087531","1.00122979999999","26.3671875","0","18792","0","0","2.015625","12.6015625","7","176","0","0"
"2","allow","66","2026-09-29T01:56:46.1543613Z","66.0084322","0.999679100000009","9.765625","0","18792","0","0","2.015625","12.6015625","7","176","0","0"
"2","allow","67","2026-09-29T01:56:47.1526658Z","67.0066252","0.998193000000001","8.203125","0","18792","0","0","2.015625","12.6015625","7","176","0","0"
"2","allow","68","2026-09-29T01:56:48.1508142Z","68.0048205","0.998195299999992","13.8888888888889","0","18792","0","0","2.015625","12.6015625","7","176","0","0"
"2","allow","69","2026-09-29T01:56:49.1485968Z","69.0028436","0.998023099999997","10.3515625","0.195699378100568","18792","0","0","2.015625","12.6015625","7","176","0","0"
"2","allow","70","2026-09-29T01:56:50.1488508Z","70.0028886","1.000045","6.8359375","0.19530371133299","18792","0","0","2.015625","12.6015625","7","176","0","0"
"2","allow","71","2026-09-29T01:56:51.1536636Z","71.0078288","1.00494020000001","8.46153846153846","0.194352360468811","18792","0","0","2.015625","12.6015625","7","176","0","0"
"2","allow","72","2026-09-29T01:56:52.1510979Z","72.0051655","0.997336699999991","8.94632206759443","0","18792","0","0","2.015625","12.6015625","7","176","0","0"
"2","allow","73","2026-09-29T01:56:53.1562801Z","73.0102686","1.00510310000001","6.71785028790787","0.194320861213141","18792","0","0","2.015625","12.6015625","7","176","0","0"
"2","allow","74","2026-09-29T01:56:54.1547316Z","74.0087887","0.998520099999993","7.2265625","0","18792","0","0","2.015625","12.6015625","7","176","0","0"
"2","allow","75","2026-09-29T01:56:55.1572073Z","75.0112212","1.0024325","6.640625","0","18792","0","0","2.015625","12.6015625","7","176","0","0"
"2","allow","76","2026-09-29T01:56:56.1595289Z","76.0137797","1.00255850000001","9.5703125","0","18792","0","0","2.015625","12.6015625","7","176","0","0"
"2","allow","77","2026-09-29T01:56:57.1489456Z","77.003138","0.989358299999992","5.35714285714286","0","18792","0","0","2.015625","12.6015625","7","176","0","0"
"2","allow","78","2026-09-29T01:56:58.1609680Z","78.0149924","1.0118544","5.96153846153846","0.193024312588846","18792","0","0","2.015625","12.6015625","7","176","0","0"
"2","allow","79","2026-09-29T01:56:59.1481458Z","79.0023443","0.987351899999993","6.34920634920635","0","18792","0","0","2.015625","12.6015625","7","176","0","0"
"2","allow","80","2026-09-29T01:57:00.1513353Z","80.0048368","1.0024925","15.4296875","0.194826893966787","18792","0","0","2.015625","12.6015625","7","176","0","0"
"2","allow","81","2026-09-29T01:57:01.1500420Z","81.0042349","0.999398100000008","9.5703125","0","18792","0","0","2.015625","12.6015625","7","176","0","0"
"2","allow","82","2026-09-29T01:57:02.1495848Z","82.0036799","0.999444999999994","8.203125","0.195420958632042","18792","0","0","2.015625","12.6015625","7","176","0","0"
"2","allow","83","2026-09-29T01:57:03.1489525Z","83.0029974","0.999317500000004","7.6171875","0.195445891821167","18792","0","0","2.015625","12.6015625","7","176","0","0"
"2","allow","84","2026-09-29T01:57:04.1580787Z","84.0122889","1.0092915","8.84615384615385","0.193514460391274","18792","0","0","2.015625","12.6015625","7","176","0","0"
"2","allow","85","2026-09-29T01:57:05.1505954Z","85.0047017","0.992412799999997","7.93650793650794","0","18792","0","0","2.015625","12.6015625","7","176","0","0"
"2","allow","86","2026-09-29T01:57:06.1495118Z","86.0035615","0.998859799999991","18.5546875","0.195535449519544","18792","0","0","2.015625","12.6015625","7","176","0","0"
"2","allow","87","2026-09-29T01:57:07.1490279Z","87.0031812","0.999619700000011","8.984375","0.195386805602168","18792","0","0","2.015625","12.6015625","7","176","0","0"
"2","allow","88","2026-09-29T01:57:08.1546147Z","88.0086968","1.0055156","10.5769230769231","0.194241143548644","18792","0","0","2.015625","12.6015625","7","176","0","0"
"2","allow","89","2026-09-29T01:57:09.1531179Z","89.0072557","0.998558900000006","5.6640625","0","18792","0","0","2.015625","12.6015625","7","176","0","0"
"2","allow","90","2026-09-29T01:57:10.1515855Z","90.0056838","0.998428099999998","10.6508875739645","0","18792","0","0","2.015625","12.6015625","7","176","0","0"
"2","allow","91","2026-09-29T01:57:11.1530939Z","91.0071563","1.00147249999999","14.8936170212766","0.195025325208632","18792","0","0","2.015625","12.6015625","7","176","0","0"
"2","allow","92","2026-09-29T01:57:12.1571982Z","92.0114334","1.00427710000001","5.46875","0","18792","0","0","2.015625","12.6015625","7","176","0","0"
"2","allow","93","2026-09-29T01:57:13.1568738Z","93.0109966","0.999563199999997","8.984375","0","18792","0","0","2.015625","12.6015625","7","176","0","0"
"2","allow","94","2026-09-29T01:57:14.1533318Z","94.007345","0.996348400000002","7.6171875","0","18792","0","0","2.015625","12.6015625","7","176","0","0"
"2","allow","95","2026-09-29T01:57:15.1541590Z","95.0082882","1.00094319999999","6.25","0","18792","0","0","2.015625","12.6015625","7","176","0","0"
"2","allow","96","2026-09-29T01:57:16.1577011Z","96.0116275","1.00333929999999","8.3984375","0","18792","0","0","2.015625","12.6015625","7","176","0","0"
"2","allow","97","2026-09-29T01:57:17.1584558Z","97.012462","1.00083450000001","10.7421875","0","18792","0","0","2.015625","12.6015625","7","176","0","0"
"2","allow","98","2026-09-29T01:57:18.1463143Z","98.0003824","0.987920399999993","6.74603174603175","0","18792","0","0","2.015625","12.6015625","7","176","0","0"
"2","allow","99","2026-09-29T01:57:19.1489378Z","99.002973","1.0025906","6.0546875","0","18792","0","0","2.015625","12.6015625","7","176","0","0"
"2","allow","100","2026-09-29T01:57:20.1534354Z","100.0074675","1.00449449999999","8.65384615384615","0.194438595731486","18792","0","0","2.015625","12.6015625","7","176","0","0"
"2","allow","101","2026-09-29T01:57:21.1522007Z","101.0057995","0.998332000000005","10.546875","0","18792","0","0","2.015625","12.6015625","7","176","0","0"
"2","allow","102","2026-09-29T01:57:22.1576829Z","102.0116326","1.0058331","10.3515625","0","18792","0","0","1.95703125","12.578125","5","174","0","0"
"2","allow","103","2026-09-29T01:57:23.1544071Z","103.0084574","0.996824799999999","6.0546875","0","18792","0","0","1.95703125","12.578125","5","174","0","0"
"2","allow","104","2026-09-29T01:57:24.1559208Z","104.0101353","1.0016779","4.296875","0","18792","0","0","1.95703125","12.578125","5","174","0","0"
"2","allow","105","2026-09-29T01:57:25.1529527Z","105.0071301","0.996994799999996","7.03125","0","18792","0","0","1.95703125","12.578125","5","174","0","0"
"2","allow","106","2026-09-29T01:57:26.1543309Z","106.0083381","1.00120799999999","8.59375","0","18792","0","0","1.95703125","12.578125","5","174","0","0"
"2","allow","107","2026-09-29T01:57:27.1549725Z","107.0089678","1.0006297","7.6171875","0","18792","0","0","1.95703125","12.578125","5","174","0","0"
"2","allow","108","2026-09-29T01:57:28.1552026Z","108.0092389","1.00027110000001","5.46875","0","18792","0","0","1.95703125","12.578125","5","174","0","0"
"2","allow","109","2026-09-29T01:57:29.1537650Z","109.0078126","0.998573699999994","7.8125","0","18792","0","0","1.95703125","12.578125","5","174","0","0"
"2","allow","110","2026-09-29T01:57:30.1488630Z","110.0027731","0.994960500000005","12.3015873015873","0","18792","0","0","1.95703125","12.578125","5","174","0","0"
"2","allow","111","2026-09-29T01:57:31.1489540Z","111.0030241","1.00025099999999","8.3984375","0.195263488864297","18792","0","0","1.95703125","12.578125","5","174","0","0"
"2","allow","112","2026-09-29T01:57:32.1567533Z","112.0109065","1.0078824","7.5","0.193785009044706","18792","0","0","1.95703125","12.578125","5","174","0","0"
"2","allow","113","2026-09-29T01:57:33.1467093Z","113.0008414","0.989934900000009","5.35714285714286","0","18792","0","0","1.95703125","12.578125","5","174","0","0"
"2","allow","114","2026-09-29T01:57:34.1480495Z","114.0021392","1.00129779999999","7.8125","0","18792","0","0","1.95703125","12.578125","5","174","0","0"
"2","allow","115","2026-09-29T01:57:35.1475649Z","115.0015642","0.999425000000002","7.05882352941176","0","18792","0","0","1.95703125","12.578125","5","174","0","0"
"2","allow","116","2026-09-29T01:57:36.1615844Z","116.0156348","1.01407060000001","5.74712643678161","0","18792","0","0","1.95703125","12.578125","5","174","0","0"
"2","allow","117","2026-09-29T01:57:37.1480830Z","117.0022121","0.986577299999993","10.1190476190476","0","18792","0","0","1.95703125","12.578125","5","174","0","0"
"2","allow","118","2026-09-29T01:57:38.1501642Z","118.0042326","1.0020205","8.59375","0.194918666833662","18792","0","0","1.95703125","12.578125","5","174","0","0"
"2","allow","119","2026-09-29T01:57:39.1466708Z","119.0006789","0.996446300000002","9.765625","0.196009057387237","18792","0","0","1.95703125","12.578125","5","174","0","0"
"2","allow","120","2026-09-29T01:57:40.1589446Z","120.0130819","1.01240299999999","9.42307692307692","0","18792","0","0","1.95703125","12.578125","5","174","0","0"
"2","allow","121","2026-09-29T01:57:41.1466286Z","121.0005954","0.987513500000006","6.34920634920635","0","18792","0","0","1.95703125","12.578125","5","174","0","0"
"2","allow","122","2026-09-29T01:57:42.1479656Z","122.0019878","1.0013924","6.8359375","0","18792","0","0","1.95703125","12.578125","5","174","0","0"
"2","allow","123","2026-09-29T01:57:43.1502308Z","123.00433","1.0023422","5.46875","0","18792","0","0","1.95703125","12.578125","5","174","0","0"
"2","allow","124","2026-09-29T01:57:44.1517748Z","124.0058581","1.0015281","11.7307692307692","0.195014498345079","18792","0","0","1.95703125","12.578125","5","174","0","0"
"2","allow","125","2026-09-29T01:57:45.1544804Z","125.0086458","1.0027877","9.375","0","18792","0","0","1.95703125","12.578125","5","174","0","0"
"2","allow","126","2026-09-29T01:57:46.1550859Z","126.0092923","1.0006465","6.640625","0","18792","0","0","1.95703125","12.578125","5","174","0","0"
"2","allow","127","2026-09-29T01:57:47.1564696Z","127.0101391","1.00084679999999","10.546875","0","18792","0","0","1.95703125","12.578125","5","174","0","0"
"2","allow","128","2026-09-29T01:57:48.1508452Z","128.0050164","0.994877299999999","4.96031746031746","0","18792","0","0","1.95703125","12.578125","5","174","0","0"
"2","allow","129","2026-09-29T01:57:49.1571746Z","129.0111839","1.0061675","7.5","0.194115293924719","18792","0","0","1.95703125","12.578125","5","174","0","0"
"2","allow","130","2026-09-29T01:57:50.1584955Z","130.0125119","1.001328","8.3984375","0","18792","0","0","1.95703125","12.578125","5","174","0","0"
"2","allow","131","2026-09-29T01:57:51.1616335Z","131.0153105","1.00279860000001","4.4921875","0","18792","0","0","1.95703125","12.578125","5","174","0","0"
"2","allow","132","2026-09-29T01:57:52.1474139Z","132.0014972","0.98618669999999","7.73809523809524","0","18792","0","0","1.95703125","12.578125","5","174","0","0"
"2","allow","133","2026-09-29T01:57:53.1502449Z","133.0042659","1.00276870000002","7.03125","0","18792","0","0","1.95703125","12.578125","5","174","0","0"
"2","allow","134","2026-09-29T01:57:54.1535935Z","134.008172","1.00390609999999","14.2307692307692","0.194552558252212","18792","0","0","1.95703125","12.578125","5","174","0","0"
"2","allow","135","2026-09-29T01:57:55.1516068Z","135.0057875","0.997615499999995","8.03921568627451","0","18792","0","0","1.95703125","12.578125","5","174","0","0"
"2","allow","136","2026-09-29T01:57:56.1476710Z","136.0016431","0.995855599999999","9.48616600790514","0","18792","0","0","1.95703125","12.578125","5","174","0","0"
"2","allow","137","2026-09-29T01:57:57.1563370Z","137.0106135","1.00897040000001","10.1923076923077","0","18792","0","0","1.95703125","12.578125","5","174","0","0"
"2","allow","138","2026-09-29T01:57:58.1621885Z","138.0162181","1.0056046","6.640625","0","18792","0","0","1.95703125","12.578125","5","174","0","0"
"2","allow","139","2026-09-29T01:57:59.1601128Z","139.0141637","0.99794559999998","5.078125","0","18792","0","0","1.95703125","12.578125","5","174","0","0"
"2","allow","140","2026-09-29T01:58:00.1504229Z","140.0044985","0.990334799999999","8.33333333333333","0","18792","0","0","1.95703125","12.578125","5","174","0","0"
"2","allow","141","2026-09-29T01:58:01.1531714Z","141.0071582","1.00265970000001","12.3076923076923","0.194794405320168","18792","0","0","1.95703125","12.578125","5","174","0","0"
"2","allow","142","2026-09-29T01:58:02.1548270Z","142.0089445","1.00178629999999","6.25","0","18792","0","0","1.95703125","12.578125","5","174","0","0"
"2","allow","143","2026-09-29T01:58:03.1555770Z","143.0097268","1.0007823","5.859375","0","18792","0","0","1.95703125","12.578125","5","174","0","0"
"2","allow","144","2026-09-29T01:58:04.1595892Z","144.0138015","1.00407470000002","5.2734375","0","18792","0","0","1.95703125","12.578125","5","174","0","0"
"2","allow","145","2026-09-29T01:58:05.1624861Z","145.0165976","1.00279609999998","5.6640625","0","18792","0","0","1.95703125","12.578125","5","174","0","0"
"2","allow","146","2026-09-29T01:58:06.1485981Z","146.0027154","0.986117800000017","8.73015873015873","0","18792","0","0","1.95703125","12.578125","5","174","0","0"
"2","allow","147","2026-09-29T01:58:07.1470709Z","147.0012908","0.998575399999993","8.7890625","0.195591139136816","18792","0","0","1.95703125","12.578125","5","174","0","0"
"2","allow","148","2026-09-29T01:58:08.1476790Z","148.001862","1.0005712","5.46875","0","18792","0","0","1.95703125","12.578125","5","174","0","0"
"2","allow","149","2026-09-29T01:58:09.1501053Z","149.0041771","1.0023151","8.203125","0","18792","0","0","1.95703125","12.578125","5","174","0","0"
"2","allow","150","2026-09-29T01:58:10.1620126Z","150.0160641","1.011887","10.1923076923077","0.193018093917601","18792","0","0","1.95703125","12.578125","5","174","0","0"
"2","allow","151","2026-09-29T01:58:11.1611342Z","151.0151679","0.9991038","5.46875","0","18792","0","0","1.95703125","12.578125","5","174","0","0"
"2","allow","152","2026-09-29T01:58:12.1516016Z","152.0056449","0.990476999999998","18.5770750988142","0.197190343642508","18792","0","0","1.95703125","12.578125","5","174","0","0"
"2","allow","153","2026-09-29T01:58:13.1551338Z","153.0092177","1.0035728","16.2162162162162","0","18792","0","0","1.95703125","12.578125","5","174","0","0"
"2","allow","154","2026-09-29T01:58:14.1558405Z","154.0100298","1.00081209999999","7.82778864970646","0","18792","0","0","1.95703125","12.578125","5","174","0","0"
"2","allow","155","2026-09-29T01:58:15.1558226Z","155.009981","0.999951199999998","4.87329434697856","0","18792","0","0","1.95703125","12.578125","5","174","0","0"
"2","allow","156","2026-09-29T01:58:16.1517968Z","156.0058327","0.995851700000003","10.15625","0.19612608985856","18792","0","0","1.95703125","12.578125","5","174","0","0"
"2","allow","157","2026-09-29T01:58:17.1478903Z","157.0020006","0.996167900000017","30.7539682539683","0","18792","0","0","1.95703125","12.578125","5","174","0","0"
"2","allow","158","2026-09-29T01:58:18.1580592Z","158.012125","1.0101244","20.3846153846154","0","18792","0","0","1.95703125","12.578125","5","174","0","0"
"2","allow","159","2026-09-29T01:58:19.1535329Z","159.0076272","0.995502200000004","46.09375","0","18792","0","0","1.95703125","12.578125","5","174","0","0"
"2","allow","160","2026-09-29T01:58:20.1478960Z","160.0019202","0.994292999999999","16.468253968254","0","18792","0","0","1.95703125","12.578125","5","174","0","0"
"2","allow","161","2026-09-29T01:58:21.1584305Z","161.0126287","1.01070849999999","8.26923076923077","0.193243155667536","18792","0","0","1.95703125","12.578125","5","174","0","0"
"2","allow","162","2026-09-29T01:58:22.1606496Z","162.0148222","1.0021935","6.4453125","0","18792","0","0","1.95703125","12.578125","5","174","0","0"
"2","allow","163","2026-09-29T01:58:23.1592001Z","163.0132334","0.998411199999993","6.0546875","0","18792","0","0","1.95703125","12.578125","5","174","0","0"
"2","allow","164","2026-09-29T01:58:24.1489072Z","164.0029124","0.989678999999995","22.8174603174603","0","18792","0","0","1.95703125","12.578125","5","174","0","0"
"2","allow","165","2026-09-29T01:58:25.1545445Z","165.0085265","1.0056141","22.6923076923077","0.194222117609528","18792","0","0","1.95703125","12.578125","5","174","0","0"
"2","allow","166","2026-09-29T01:58:26.1475684Z","166.0017118","0.993185299999993","37.6984126984127","0","18792","0","0","1.95703125","12.578125","5","174","0","0"
"2","allow","167","2026-09-29T01:58:27.1591312Z","167.0131577","1.01144590000001","15.1923076923077","0","18792","0","0","1.95703125","12.578125","5","174","0","0"
"2","allow","168","2026-09-29T01:58:28.1481021Z","168.0022044","0.989046699999989","7.53968253968254","0","18792","0","0","1.95703125","12.578125","5","174","0","0"
"2","allow","169","2026-09-29T01:58:29.1587448Z","169.012884","1.0106796","7.88461538461539","0","18792","0","0","1.95703125","12.578125","5","174","0","0"
"2","allow","170","2026-09-29T01:58:30.1568116Z","170.0108201","0.997936100000004","4.8828125","0","18792","0","0","1.95703125","12.578125","5","174","0","0"
"2","allow","171","2026-09-29T01:58:31.1564115Z","171.0105043","0.99968419999999","4.4921875","0","18792","0","0","1.95703125","12.578125","5","174","0","0"
"2","allow","172","2026-09-29T01:58:32.1591158Z","172.0131361","1.00263180000002","6.4453125","0","18792","0","0","1.95703125","12.578125","5","174","0","0"
"2","allow","173","2026-09-29T01:58:33.1577778Z","173.0118104","0.998674300000005","8.59375","0","18792","0","0","1.95703125","12.578125","5","174","0","0"
"2","allow","174","2026-09-29T01:58:34.1540424Z","174.0081823","0.996371899999986","7.84313725490196","0","18792","0","0","1.95703125","12.578125","5","174","0","0"
"2","allow","175","2026-09-29T01:58:35.1539666Z","175.0080992","0.999916900000017","4.28015564202335","0","18792","0","0","1.95703125","12.578125","5","174","0","0"
"2","allow","176","2026-09-29T01:58:36.1572175Z","176.0113235","1.0032243","5.6640625","0","18792","0","0","1.95703125","12.578125","5","174","0","0"
"2","allow","177","2026-09-29T01:58:37.1476033Z","177.0016818","0.990358299999997","7.34126984126984","0","18792","0","0","1.95703125","12.578125","5","174","0","0"
"2","allow","178","2026-09-29T01:58:38.1613603Z","178.0154466","1.01376479999999","9.03846153846154","0","18792","0","0","1.95703125","12.578125","5","174","0","0"
"2","allow","179","2026-09-29T01:58:39.1604617Z","179.0146968","0.999250200000006","6.0546875","0","18792","0","0","1.95703125","12.578125","5","174","0","0"
"2","allow","180","2026-09-29T01:58:40.1578112Z","180.0118031","0.997106299999984","5.6640625","0","18792","0","0","1.95703125","12.578125","5","174","0","0"
"2","allow","181","2026-09-29T01:58:41.1560569Z","181.0101992","0.998396100000008","11.1328125","0","18792","0","0","1.95703125","12.578125","5","174","0","0"
"2","allow","182","2026-09-29T01:58:42.1554186Z","182.0094369","0.999237700000009","6.4453125","0","18792","0","0","1.95703125","12.578125","5","174","0","0"
"2","allow","183","2026-09-29T01:58:43.1492594Z","183.0036421","0.994205199999982","24.8015873015873","0","18792","0","0","1.95703125","12.578125","5","174","0","0"
"2","allow","184","2026-09-29T01:58:44.1580145Z","184.0119732","1.00833110000002","17.5","0.193698776126211","18792","0","0","1.95703125","12.578125","5","174","0","0"
"2","allow","185","2026-09-29T01:58:45.1575465Z","185.0115391","0.999565899999993","7.8125","0","18792","0","0","1.95703125","12.578125","5","174","0","0"
"2","allow","186","2026-09-29T01:58:46.1540256Z","186.0080816","0.996542500000004","6.8359375","0","18792","0","0","1.95703125","12.578125","5","174","0","0"
"2","allow","187","2026-09-29T01:58:47.1562684Z","187.0103923","1.00231069999998","6.640625","0","18792","0","0","1.95703125","12.578125","5","174","0","0"
"2","allow","188","2026-09-29T01:58:48.1603465Z","188.0145517","1.00415940000002","10.15625","0","18792","0","0","1.95703125","12.578125","5","174","0","0"
"2","allow","189","2026-09-29T01:58:49.1504580Z","189.0045898","0.990038099999992","8.92857142857143","0","18792","0","0","1.95703125","12.578125","5","174","0","0"
"2","allow","190","2026-09-29T01:58:50.1478038Z","190.0020249","0.99743509999999","11.328125","0.195814745240068","18792","0","0","1.95703125","12.578125","5","174","0","0"
"2","allow","191","2026-09-29T01:58:51.1471695Z","191.0014363","0.999411400000014","4.1015625","0","18792","0","0","1.95703125","12.578125","5","174","0","0"
"2","allow","192","2026-09-29T01:58:52.1488060Z","192.0024062","1.0009699","6.640625","0","18792","0","0","1.95703125","12.578125","5","174","0","0"
"2","allow","193","2026-09-29T01:58:53.1477332Z","193.0018223","0.999416099999991","10.3515625","0.195426609597346","18792","0","0","1.95703125","12.578125","5","174","0","0"
"2","allow","194","2026-09-29T01:58:54.1475884Z","194.0016805","0.999858200000006","8.3984375","0.195340199240251","18792","0","0","1.95703125","12.578125","5","174","0","0"
"2","allow","195","2026-09-29T01:58:55.1580052Z","195.012162","1.0104815","4.80769230769231","0","18792","0","0","1.95703125","12.578125","5","174","0","0"
"2","allow","196","2026-09-29T01:58:56.1577717Z","196.0119047","0.999742700000013","8.59375","0","18792","0","0","1.95703125","12.578125","5","174","0","0"
"2","allow","197","2026-09-29T01:58:57.1592382Z","197.013394","1.0014893","10.9375","0","18792","0","0","1.95703125","12.578125","5","174","0","0"
"2","allow","198","2026-09-29T01:58:58.1545104Z","198.0086071","0.995213099999972","8.41487279843444","0","18792","0","0","1.95703125","12.578125","5","174","0","0"
"2","allow","199","2026-09-29T01:58:59.1534366Z","199.007513","0.998905900000011","7.99220272904483","0","18792","0","0","1.95703125","12.578125","5","174","0","0"
"2","allow","200","2026-09-29T01:59:00.1503494Z","200.0043516","0.99683859999999","12.1031746031746","0","18792","0.015625","0.195931919169264","1.95703125","12.578125","5","174","0","0"
"2","allow","201","2026-09-29T01:59:01.1562291Z","201.0102653","1.00591370000001","7.5","0.194164270752052","18792","0","0","1.95703125","12.578125","5","174","0","0"
"2","allow","202","2026-09-29T01:59:02.1617386Z","202.0157273","1.00546199999999","7.421875","0","18792","0","0","1.95703125","12.578125","5","174","0","0"
"2","allow","203","2026-09-29T01:59:03.1499594Z","203.0040452","0.988317899999998","7.14285714285714","0","18792","0","0","1.95703125","12.578125","5","174","0","0"
"2","allow","204","2026-09-29T01:59:04.1535445Z","204.0070786","1.00303340000002","11.3461538461538","0.194721830798452","18792","0","0","1.95703125","12.578125","5","174","0","0"
"2","allow","205","2026-09-29T01:59:05.1540378Z","205.0081762","1.00109759999998","7.03125","0","18792","0","0","1.95703125","12.578125","5","174","0","0"
"2","allow","206","2026-09-29T01:59:06.1591858Z","206.0133327","1.0051565","5.6640625","0","18792","0","0","1.95703125","12.578125","5","174","0","0"
"2","allow","207","2026-09-29T01:59:07.1474451Z","207.0014862","0.98815350000001","5.55555555555556","0","18792","0","0","1.95703125","12.578125","5","174","0","0"
"2","allow","208","2026-09-29T01:59:08.1505829Z","208.0046359","1.00314969999999","11.1328125","0","18792","0","0","1.95703125","12.578125","5","174","0","0"
"2","allow","209","2026-09-29T01:59:09.1511429Z","209.0053082","1.00067230000002","18.75","0.195181279625704","18792","0","0","1.95703125","12.578125","5","174","0","0"
"2","allow","210","2026-09-29T01:59:10.1489323Z","210.0030055","0.997697299999999","8.7890625","0.19576328411433","18792","0","0","1.95703125","12.578125","5","174","0","0"
"2","allow","211","2026-09-29T01:59:11.1591813Z","211.0132098","1.0102043","8.65384615384615","0.193339604672045","18792","0","0","1.95703125","12.578125","5","174","0","0"
"2","allow","212","2026-09-29T01:59:12.1585893Z","212.012773","0.999563199999983","8.59375","0","18792","0","0","1.95703125","12.578125","5","174","0","0"
"2","allow","213","2026-09-29T01:59:13.1574556Z","213.0116879","0.998914900000017","7.2265625","0","18792","0","0","1.95703125","12.578125","5","174","0","0"
"2","allow","214","2026-09-29T01:59:14.1523618Z","214.0065587","0.994870800000001","17.3828125","0","18792","0","0","1.95703125","12.578125","5","174","0","0"
"2","allow","215","2026-09-29T01:59:15.1550756Z","215.0090851","1.00252639999999","11.9140625","0","18792","0","0","1.95703125","12.578125","5","174","0","0"
"2","allow","216","2026-09-29T01:59:16.1586804Z","216.0127701","1.00368499999999","4.8828125","0","18792","0","0","1.95703125","12.578125","5","174","0","0"
"2","allow","217","2026-09-29T01:59:17.1612082Z","217.0148067","1.0020366","8.59375","0","18792","0","0","1.95703125","12.578125","5","174","0","0"
"2","allow","218","2026-09-29T01:59:18.1465915Z","218.0006537","0.985847000000007","9.92063492063492","0","18792","0","0","1.95703125","12.578125","5","174","0","0"
"2","allow","219","2026-09-29T01:59:19.1514244Z","219.0055104","1.0048567","9.49612403100775","0.194368510455271","18792","0","0","1.95703125","12.578125","5","174","0","0"
"2","allow","220","2026-09-29T01:59:20.1485598Z","220.0025427","0.997032300000001","7.08661417322835","0","18792","0","0","1.95703125","12.578125","5","174","0","0"
"2","allow","221","2026-09-29T01:59:21.1613986Z","221.0155136","1.0129709","9.03846153846154","0","18792","0","0","1.95703125","12.578125","5","174","0","0"
"2","allow","222","2026-09-29T01:59:22.1469543Z","222.0009815","0.985467900000003","5.15873015873016","0","18792","0","0","1.95703125","12.578125","5","174","0","0"
"2","allow","223","2026-09-29T01:59:23.1508769Z","223.0052656","1.00428410000001","6.0546875","0.194479331097643","18792","0","0","1.95703125","12.578125","5","174","0","0"
"2","allow","224","2026-09-29T01:59:24.1606619Z","224.0148298","1.0095642","8.46153846153846","0.193462188932611","18792","0","0","1.95703125","12.578125","5","174","0","0"
"2","allow","225","2026-09-29T01:59:25.1581427Z","225.0121668","0.997336999999987","9.375","0","18792","0","0","1.95703125","12.578125","5","174","0","0"
"2","allow","226","2026-09-29T01:59:26.1590418Z","226.0132149","1.00104809999999","5.6640625","0","18792","0","0","1.95703125","12.578125","5","174","0","0"
"2","allow","227","2026-09-29T01:59:27.1622738Z","227.0162373","1.00302240000002","5.2734375","0","18792","0","0","1.95703125","12.578125","5","174","0","0"
"2","allow","228","2026-09-29T01:59:28.1473430Z","228.0014727","0.985235399999993","9.52380952380952","0","18792","0","0","1.95703125","12.578125","5","174","0","0"
"2","allow","229","2026-09-29T01:59:29.1506822Z","229.0047514","1.00327870000001","9.1796875","0","18792","0","0","1.95703125","12.578125","5","174","0","0"
"2","allow","230","2026-09-29T01:59:30.1522289Z","230.0065367","1.00178529999999","11.1538461538462","0.194964430003117","18792","0","0","1.95703125","12.578125","5","174","0","0"
"2","allow","231","2026-09-29T01:59:31.1497925Z","231.0038788","0.997342099999997","11.1111111111111","0","18792","0","0","1.95703125","12.578125","5","174","0","0"
"2","allow","232","2026-09-29T01:59:32.1471094Z","232.001157","0.997278199999982","6.25","0.195845552424593","18792","0","0","1.95703125","12.578125","5","174","0","0"
"2","allow","233","2026-09-29T01:59:33.1493096Z","233.0033896","1.00223260000001","7.421875","0.194877416679519","18792","0","0","1.95703125","12.578125","5","174","0","0"
"2","allow","234","2026-09-29T01:59:34.1601084Z","234.0141869","1.01079730000001","5.76923076923077","0.193226178977722","18792","0","0","1.95703125","12.578125","5","174","0","0"
"2","allow","235","2026-09-29T01:59:35.1520925Z","235.0062513","0.992064400000004","7.421875","0","18792","0","0","1.95703125","12.578125","5","174","0","0"
"2","allow","236","2026-09-29T01:59:36.1543723Z","236.0083727","1.00212139999999","16.2109375","0","18792","0","0","1.95703125","12.578125","5","174","0","0"
"2","allow","237","2026-09-29T01:59:37.1570245Z","237.0111144","1.0027417","9.375","0","18792","0","0","1.95703125","12.578125","5","174","0","0"
"2","allow","238","2026-09-29T01:59:38.1557162Z","238.0098401","0.998725699999994","9.9609375","0","18792","0","0","1.95703125","12.578125","5","174","0","0"
"2","allow","239","2026-09-29T01:59:39.1552725Z","239.0093268","0.999486700000006","5.078125","0","18792","0","0","1.95703125","12.578125","5","174","0","0"
"2","allow","240","2026-09-29T01:59:40.1548707Z","240.0089331","0.999606299999982","15.0390625","0","18792","0","0","1.95703125","12.578125","5","174","0","0"
"2","allow","241","2026-09-29T01:59:41.1565590Z","241.0105921","1.00165900000002","12.3046875","0","18792","0","0","1.95703125","12.578125","5","174","0","0"
"2","allow","242","2026-09-29T01:59:42.1581329Z","242.012172","1.0015799","4.8828125","0","18792","0","0","1.95703125","12.578125","5","174","0","0"
"2","allow","243","2026-09-29T01:59:43.1468236Z","243.0009527","0.988780700000007","5.75396825396825","0","18792","0","0","1.95703125","12.578125","5","174","0","0"
"2","allow","244","2026-09-29T01:59:44.1499666Z","244.0039236","1.00297089999998","5.87084148727984","0.19473396486379","18792","0","0","1.95703125","12.578125","5","174","0","0"
"2","allow","245","2026-09-29T01:59:45.1498704Z","245.0039031","0.999979500000023","9.55165692007797","0.195316503988327","18792","0","0","1.95703125","12.578125","5","174","0","0"
"2","allow","246","2026-09-29T01:59:46.1518026Z","246.005356","1.00145289999998","8.7890625","0.195029142159361","18792","0","0","1.95703125","12.578125","5","174","0","0"
"2","allow","247","2026-09-29T01:59:47.1617900Z","247.0155652","1.01020920000002","9.42307692307692","0.193338666882064","18792","0","0","1.95703125","12.578125","5","174","0","0"
"2","allow","248","2026-09-29T01:59:48.1611850Z","248.0152647","0.999699499999991","8.3984375","0","18792","0","0","1.95703125","12.578125","5","174","0","0"
"2","allow","249","2026-09-29T01:59:49.1600109Z","249.0141399","0.998875199999986","26.171875","0","18792","0","0","1.95703125","12.578125","5","174","0","0"
"2","allow","250","2026-09-29T01:59:50.1617810Z","250.0159225","1.00178260000001","4.8828125","0","18792","0","0","1.95703125","12.578125","5","174","0","0"
"2","allow","251","2026-09-29T01:59:51.1502839Z","251.0043226","0.988400100000007","5.35714285714286","0","18792","0","0","1.95703125","12.578125","5","174","0","0"
"2","allow","252","2026-09-29T01:59:52.1478580Z","252.0014186","0.997095999999999","5.6640625","0.195881339409646","18792","0","0","1.95703125","12.578125","5","174","0","0"
"2","allow","253","2026-09-29T01:59:53.1617186Z","253.0159289","1.01451029999998","8.84615384615385","0.1925189916751","18792","0","0","1.95703125","12.578125","5","174","0","0"
"2","allow","254","2026-09-29T01:59:54.1512695Z","254.0052801","0.989351200000016","8.73015873015873","0","18792","0","0","1.95703125","12.578125","5","174","0","0"
"2","allow","255","2026-09-29T01:59:55.1511715Z","255.0052637","0.999983600000007","12.890625","0.195315703177531","18792","0","0","1.95703125","12.578125","5","174","0","0"
"2","allow","256","2026-09-29T01:59:56.1495369Z","256.0035646","0.998300900000004","6.640625","0.195644920284054","18792","0","0","1.95703125","12.578125","5","174","0","0"
"2","allow","257","2026-09-29T01:59:57.1528453Z","257.0068387","1.0032741","16.3461538461538","0.19467511420857","18792","0","0","1.95703125","12.578125","5","174","0","0"
"2","allow","258","2026-09-29T01:59:58.1581632Z","258.0123617","1.00552299999998","4.6875","0","18792","0","0","1.95703125","12.578125","5","174","0","0"
"2","allow","259","2026-09-29T01:59:59.1491057Z","259.0032074","0.990845700000023","8.92857142857143","0","18792","0","0","1.95703125","12.578125","5","174","0","0"
"2","allow","260","2026-09-29T02:00:00.1555694Z","260.0098907","1.00668329999996","9.80769230769231","0.19401583397679","18792","0","0","1.95703125","12.578125","5","174","0","0"
"2","allow","261","2026-09-29T02:00:01.1532651Z","261.0073241","0.997433400000034","10.9375","0","18792","0","0","1.95703125","12.578125","5","174","0","0"
"2","allow","262","2026-09-29T02:00:02.1618939Z","262.0161636","1.00883949999997","26.5625","0","18792","0","0","1.95703125","12.578125","5","174","0","0"
"2","allow","263","2026-09-29T02:00:03.1608751Z","263.0150076","0.99884400000002","7.2265625","0","18792","0","0","1.95703125","12.578125","5","174","0","0"
"2","allow","264","2026-09-29T02:00:04.1483858Z","264.0023395","0.987331900000015","7.53968253968254","0","18792","0","0","1.95703125","12.578125","5","174","0","0"
"2","allow","265","2026-09-29T02:00:05.1596240Z","265.0137268","1.01138729999997","7.88461538461539","0.193113459107116","18792","0","0","1.95703125","12.578125","5","174","0","0"
"2","allow","266","2026-09-29T02:00:06.1566424Z","266.0106823","0.996955500000013","11.1328125","0","18792","0","0","1.95703125","12.578125","5","174","0","0"
"2","allow","267","2026-09-29T02:00:07.1604689Z","267.0144256","1.0037433","8.3984375","0","18792","0","0","2.01953125","12.75390625","7","174","0","0"
"2","allow","268","2026-09-29T02:00:08.1573482Z","268.0113907","0.996965100000011","4.296875","0","18792","0","0","2.01953125","12.75390625","7","174","0","0"
"2","allow","269","2026-09-29T02:00:09.1584971Z","269.0124786","1.00108790000002","10.15625","0","18792","0","0","2.01953125","12.75390625","7","174","0","0"
"2","allow","270","2026-09-29T02:00:10.1475697Z","270.0011641","0.988685499999974","6.34920634920635","0","18792","0","0","2.01953125","12.75390625","7","174","0","0"
"2","allow","271","2026-09-29T02:00:11.1605953Z","271.0146034","1.01343930000002","8.84615384615385","0","18792","0","0","2.01953125","12.75390625","7","174","0","0"
"2","allow","272","2026-09-29T02:00:12.1571280Z","272.0113368","0.996733399999982","7.03125","0","18792","0","0","2.01953125","12.75390625","7","174","0","0"
"2","allow","273","2026-09-29T02:00:13.1537980Z","273.0079273","0.996590500000025","8.984375","0","18792","0","0","2.01953125","12.75390625","7","174","0","0"
"2","allow","274","2026-09-29T02:00:14.1614215Z","274.0154664","1.00753909999997","5.2734375","0","18792","0","0","2.01953125","12.75390625","7","174","0","0"
"2","allow","275","2026-09-29T02:00:15.1613096Z","275.0155655","1.0000991","5.6640625","0","18792","0","0","2.01953125","12.75390625","7","174","0","0"
"2","allow","276","2026-09-29T02:00:16.1517139Z","276.0056368","0.990071300000011","11.0453648915187","0.197271146027562","18792","0","0","2.01953125","12.75390625","7","174","0","0"
"2","allow","277","2026-09-29T02:00:17.1514595Z","277.0054052","0.999768399999994","10.4125736738703","0","18792","0","0","2.01953125","12.75390625","7","174","0","0"
"2","allow","278","2026-09-29T02:00:18.1500426Z","278.0041543","0.998749099999998","7.421875","0.195557122404416","18792","0","0","2.01953125","12.75390625","7","174","0","0"
"2","allow","279","2026-09-29T02:00:19.1593196Z","279.013396","1.00924170000002","18.4615384615385","0.193524009164501","18792","0","0","2.01953125","12.75390625","7","174","0","0"
"2","allow","280","2026-09-29T02:00:20.1499285Z","280.0040854","0.990689400000008","39.8809523809524","0","18792","0.015625","0.19714806679066","2.01953125","12.75390625","7","174","0","0"
"2","allow","281","2026-09-29T02:00:21.1500154Z","281.0039997","0.9999143","18.75","0.195329239715844","18792","0.015625","0.195329239715844","2.01953125","12.75390625","7","174","0","0"
"2","allow","282","2026-09-29T02:00:22.1500497Z","282.0041088","1.00010909999997","11.71875","0.195291193730769","18792","0","0","2.01953125","12.75390625","7","174","0","0"
"2","allow","283","2026-09-29T02:00:23.1610199Z","283.0151295","1.01102070000002","13.4615384615385","0.1931834827912","18792","0","0","2.01953125","12.75390625","7","174","0","0"
"2","allow","284","2026-09-29T02:00:24.1571718Z","284.0113466","0.996217099999967","11.1328125","0","18792","0","0","2.01953125","12.75390625","7","174","0","0"
"2","allow","285","2026-09-29T02:00:25.1575642Z","285.0117116","1.00036500000004","6.4453125","0","18792","0","0","2.01953125","12.75390625","7","174","0","0"
"2","allow","286","2026-09-29T02:00:26.1553877Z","286.0094574","0.997745799999961","6.0546875","0","18792","0","0","2.01953125","12.75390625","7","174","0","0"
"2","allow","287","2026-09-29T02:00:27.1562660Z","287.0102579","1.00080050000003","5.6640625","0","18792","0","0","2.01953125","12.75390625","7","174","0","0"
"2","allow","288","2026-09-29T02:00:28.1575803Z","288.0117568","1.0014989","5.46875","0","18792","0","0","2.01953125","12.75390625","7","174","0","0"
"2","allow","289","2026-09-29T02:00:29.1546076Z","289.0085441","0.996787299999994","11.71875","0","18792","0","0","2.01953125","12.75390625","7","174","0","0"
"2","allow","290","2026-09-29T02:00:30.1506444Z","290.0047097","0.996165599999983","9.52380952380952","0","18792","0","0","2.01953125","12.75390625","7","174","0","0"
"2","allow","291","2026-09-29T02:00:31.1523980Z","291.0065201","1.00181040000001","11.9230769230769","0.194959545239297","18792","0.015625","0.194959545239297","2.01953125","12.75390625","7","174","0","0"
"2","allow","292","2026-09-29T02:00:32.1571280Z","292.0112396","1.00471950000002","9.375","0","18792","0","0","2.01953125","12.75390625","7","174","0","0"
"2","allow","293","2026-09-29T02:00:33.1533962Z","293.0070483","0.995808699999998","9.375","0","18792","0","0","2.01953125","12.75390625","7","174","0","0"
"2","allow","294","2026-09-29T02:00:34.1562065Z","294.0103124","1.00326409999997","5.2734375","0","18792","0","0","2.01953125","12.75390625","7","174","0","0"
"2","allow","295","2026-09-29T02:00:35.1598795Z","295.0139637","1.0036513","4.1015625","0","18792","0","0","2.01953125","12.75390625","7","174","0","0"
"2","allow","296","2026-09-29T02:00:36.1604439Z","296.0146476","1.00068390000001","6.25","0","18792","0","0","2.01953125","12.75390625","7","174","0","0"
"2","allow","297","2026-09-29T02:00:37.1590406Z","297.0131277","0.998480099999995","8.7890625","0","18792","0","0","2.01953125","12.75390625","7","174","0","0"
"2","allow","298","2026-09-29T02:00:38.1569606Z","298.01108","0.997952300000009","5.2734375","0","18792","0","0","2.01953125","12.75390625","7","174","0","0"
"2","allow","299","2026-09-29T02:00:39.1568502Z","299.0109047","0.999824699999976","8.59375","0","18792","0","0","2.01953125","12.75390625","7","174","0","0"
"2","allow","300","2026-09-29T02:00:40.1504619Z","300.0045551","0.993650400000035","6.94444444444444","0","18792","0","0","2.01953125","12.75390625","7","174","0","0"
